Biquíni Hary, Biquíni Azul Cobalto Feminino - Top Faixa com Amarração e Calcinha de Lacinho com Detalhes Dourados, 50.91,P, Azul, 100
Biquíni Hary, Biquíni Azul Cobalto Feminino - Top Faixa com Amarração e Calcinha de Lacinho com Detalhes Dourados, 50.91,M, Azul, 200
Biquíni Hary, Biquíni Azul Cobalto Feminino - Top Faixa com Amarração e Calcinha de Lacinho com Detalhes Dourados, 50.91,G, Azul, 100
Biquíni Hary, Biquíni Azul Cobalto Feminino - Top Faixa com Amarração e Calcinha de Lacinho com Detalhes Dourados, 50.91,P, Azul, 100
Biquíni Hary, Biquíni Azul Cobalto Feminino - Top Faixa com Amarração e Calcinha de Lacinho com Detalhes Dourados, 50.91,M, Azul, 100
Biquíni Hary, Biquíni Azul Cobalto Feminino - Top Faixa com Amarração e Calcinha de Lacinho com Detalhes Dourados, 50.91,G, Azul, 100
Biquíni Hary, Biquíni Azul Cobalto Feminino - Top Faixa com Amarração e Calcinha de Lacinho com Detalhes Dourados, 50.91,P, Azul, 100
Biquíni Hary, Biquíni Azul Cobalto Feminino - Top Faixa com Amarração e Calcinha de Lacinho com Detalhes Dourados, 50.91,M, Azul, 100
Biquíni Hary, Biquíni Azul Cobalto Feminino - Top Faixa com Amarração e Calcinha de Lacinho com Detalhes Dourados, 50.91,G, Azul, 100
Biquíni Corrente Cintura, Biquíni Azul Cobalto Feminino - Corrente na cintura, 50.91,P, Azul, 100
Biquíni Hary, Biquíni Azul Cobalto Feminino - Corrente na cintura, 50.91,M, Azul, 100
Biquíni Hary, Biquíni Azul Cobalto Feminino - Corrente na cintura, 50.91,G, Azul, 100